{"AAPL": 55.49960021382154, "ABBV": 55.41019519056915, "ABT": 60.01516909396918, "ACN": 47.50661162440992, "ADBE": 59.1753573620566, "AGN": 51.00649657660729, "AIG": 76.1410085135563, "ALL": 67.89649991834739, "AMGN": 38.33124546437151, "AMZN": 56.77859020721561, "AXP": 41.09357368478115, "BA": 56.436429697847565, "BAC": 43.11948883041151, "BIIB": 82.16057218791597, "BK": 64.47714131185852, "BKNG": 54.44322665603792, "BLK": 23.01569288196197, "BMY": 65.19393135930846, "BRK.B": 56.12550007796452, "C": 38.33694156764214, "CAT": 78.886439763206, "CHTR": 17.196934981827347, "CL": 76.61743855879035, "CMCSA": 61.58046718847993, "COF": 54.88139092655136, "COP": 51.38502021466008, "COST": 44.69875760402353, "CSCO": 36.0720675980139, "CVS": 37.36289376326536, "CVX": 55.599609892363134, "DD": 56.962176081154645, "DHR": 69.97852870208001, "DIS": 69.94796297762534, "DOW": 78.96366647130375, "DUK": 54.409366355274976, "EMR": 77.88045973830305, "EXC": 68.49250902478505, "F": 55.33290587160863, "FB": 72.62065194466511, "FDX": 68.4332172818655, "GD": 58.125964240727605, "GE": 71.02006158468254, "GILD": 62.70129095638681, "GM": 68.57468134615421, "GOOG": 56.664078591006096, "GOOGL": 48.83887869139996, "GS": 56.61437417896397, "HD": 16.591485461237866, "HON": 44.01198204852106, "IBM": 57.64673455604983, "INTC": 47.61387493833384, "JNJ": 39.515406216420864, "JPM": 53.380946244124544, "KHC": 50.43382449831361, "KMI": 52.95478260829948, "KO": 69.40914239001951, "LLY": 43.22688692082858, "LMT": 56.47498361534747, "LOW": 78.42719427477108, "MA": 49.818595618418506, "MCD": 52.90393850020523, "MDLZ": 62.19325787520277, "MDT": 45.878070197369766, "MET": 14.21034425850776, "MMM": 62.57605139262847, "MO": 62.81040036003555, "MRK": 58.739565202226856, "MS": 54.143196247682255, "MSFT": 44.93226087402815, "NEE": 54.40249860712545, "NFLX": 65.56597484789013, "NKE": 52.068829668117274, "ORCL": 50.468200329177144, "OXY": 54.513430694352635, "PEP": 27.269640694465977, "PFE": 29.76708899916808, "PG": 57.050494754388694, "PM": 74.83264313144929, "PYPL": 58.256680234430206, "QCOM": 50.04524777930928, "RTN": 51.13605737493918, "SBUX": 59.376661831410814, "SLB": 81.2817907269393, "SO": 69.70867964291439, "SPG": 72.03377875546617, "T": 61.981409607823835, "TGT": 56.994041570470834, "TMO": 35.93422658353051, "TXN": 62.62440692048282, "UNH": 46.01101106686643, "UNP": 56.05116154289622, "UPS": 56.019267985095794, "USB": 61.6052010193322, "UTX": 68.41928478290829, "V": 50.56328485270304, "VZ": 64.78387767192102, "WBA": 56.98889488615758, "WFC": 34.801430998978546, "WMT": 64.2056133695086, "XOM": 51.240026454929826}